{
  "version": "0.2.0",
  "configurations": [
    {
      "type": "java",
      "name": "Launch app.Main with JavaFX",
      "request": "launch",
      "mainClass": "app.Main",
      "vmArgs": "--module-path \"C:/javafx-sdk-21.0.7/lib\" --add-modules javafx.controls,javafx.fxml",
      "projectName": "JavaFX_Store_Takeout_Template"
    },
    {
      "type": "java",
      "request": "launch",
      "name": "Launch Figma_change.MyApp with JavaFX",
      "mainClass": "Figma_change.MyApp",
      "vmArgs": "--module-path \"C:/javafx-sdk-21.0.7/lib\" --add-modules javafx.controls,javafx.fxml",
      "projectName": "JavaFX_Store_Takeout_Template"
    }
  ]
}